1758,0.0028447099,3532.2059973625,0.0,51.8,0.0,26.38,6,-1,100
1744,0.0028583716,3535.6587877155,62.4,51.4,98.8,26.65,5,-1,100
1799,0.0027709839,3539.2176499677,58.7,51.4,98.1,26.68,4,-1,100
1742,0.0028438576,3542.6499672659,62.6,51.3,97.5,26.69,3,-1,100
1775,0.0027825352,3546.0793509021,59.5,51.6,98.1,26.69,2,-1,100
1613,0.0030706758,3549.3077475584,69.1,50.1,96.6,26.74,1,-1,100
1267,0.0039210734,3552.9279343608,84.5,53.5,88.5,26.74,1,-1,100
939,0.0051586794,3557.3654450553,91.7,54.8,72.7,26.74,1,-1,100
1588,0.0031379093,3561.1472265606,70.6,54.9,91.9,26.74,1,-1,100
1761,0.0028131743,3564.5699744128,61.3,54.8,98.4,26.75,1,-1,100
1804,0.0027455654,3567.9754589697,57.9,55.2,97.8,26.75,1,-1,100
1580,0.003164557,3793.4158343302,0.0,52.3,0.0,26.46,7,0,1500
1678,0.0028676996,3796.9517956091,63.0,51.5,94.1,26.96,6,-1,1500
1593,0.0031104834,3800.6884155133,71.5,50.4,96.0,26.96,6,0,1500
1755,0.0027327635,3804.1590683831,60.2,52.1,95.6,27.0,5,-1,1500
1591,0.0029849151,3807.5366278213,66.6,52.1,91.9,27.0,5,0,1500
1753,0.0028077581,3810.9904591233,65.7,52.0,97.8,27.06,4,-1,1500
1606,0.0030846824,3814.7508648416,71.5,52.1,96.3,27.07,4,0,1500
1740,0.0027655172,3818.2970756068,59.5,52.6,93.8,27.07,3,-1,1500
1657,0.0029136995,3821.8390039363,64.7,51.8,93.8,27.07,2,-1,1500
1775,0.0028174648,3825.3720574155,59.8,52.0,98.1,27.07,1,-1,1500
1588,0.0030207809,3828.789640332,70.2,52.1,92.8,27.07,1,0,1500
611,0.0081849427,4026.7929457448,0.0,52.1,0.0,26.14,6,-1,100
813,0.0061881919,4031.0933725626,48.0,52.3,98.5,26.41,5,-1,100
693,0.007012987,4035.7198767077,68.8,51.4,92.5,26.43,4,-1,100
787,0.0063329098,4039.7751569263,57.3,49.8,97.5,26.45,3,-1,100
760,0.0065789474,4043.9700820135,60.4,49.2,96.3,26.45,2,-1,100
718,0.0068328691,4048.2541824423,64.7,50.8,93.8,26.5,1,-1,100
788,0.0063451777,4052.8471796864,58.9,50.8,97.2,26.5,1,-1,100
859,0.0058020955,4057.0588724361,47.1,50.9,98.5,26.53,1,-1,100
800,0.006035,4061.4976136816,51.6,50.8,95.9,26.53,1,-1,100
846,0.005929078,4065.7841143309,49.2,49.3,98.5,26.53,1,-1,100
825,0.00608,4070.1086296501,51.5,49.2,98.4,26.48,1,-1,100
841,0.0059643282,4074.3151160735,48.7,49.6,98.5,26.5,2,1,1300
801,0.0061061174,4078.851911999,54.0,50.7,96.6,26.5,3,1,1300
828,0.006057971,4083.0198664933,48.7,50.9,98.1,26.5,4,1,1300
748,0.0065387701,4087.3820144805,59.9,50.8,95.9,26.5,5,1,1300
765,0.0065359477,4091.5979130168,57.7,50.6,95.0,26.5,6,1,1300
618,0.008092233,4096.6360013786,73.8,50.5,82.9,26.5,7,1,1300
511,0.0093287671,4100.9968741267,72.9,53.8,69.2,26.51,8,1,1300
247,0.0184129555,4105.7479486774,98.2,56.8,41.3,26.52,9,1,1300
305,0.0152590164,4110.5982434953,100.0,60.9,58.2,26.53,10,1,1300
359,0.0140139276,4115.5426636924,98.3,60.1,68.6,26.53,11,1,1300
354,0.0135508475,4120.4711795028,93.0,63.2,59.8,26.54,12,1,1300
540,0.0092592593,4124.6097214142,80.3,61.8,81.5,26.54,13,1,1300
89,0.1886966292,4981.4656996138,0.0,81.1,0.0,26.21,8,1,100
104,0.1556153846,4986.5239704503,40.4,80.8,98.8,26.6,8,0,100
101,0.1531980198,4991.5998523873,38.1,80.9,98.8,26.61,8,0,100
102,0.174382353,4996.7494051573,37.9,80.9,99.1,26.61,8,0,100
98,0.1685408163,5001.7243740583,38.9,80.8,98.5,26.61,8,0,100
101,0.1402277228,5006.7383628954,39.1,80.2,99.7,26.3,8,0,100
99,0.1652525253,5011.7683951301,41.1,80.0,98.5,26.3,8,0,100
101,0.159039604,5016.8008609998,38.8,80.1,98.4,26.67,8,0,100
100,0.1667,5021.7891875196,40.2,80.1,99.4,26.31,8,0,100
88,0.1642045455,5026.885459396,50.4,80.1,96.9,26.31,9,1,100
108,0.1490555556,5031.7947513616,39.8,79.9,98.8,26.33,9,0,100
512,0.0060175781,5154.7208199985,0.0,81.6,0.0,26.54,1,-1,100
493,0.0067200811,5159.06033092,59.6,81.4,76.7,26.17,1,-1,100
480,0.0069958333,5163.7651301384,61.1,82.3,75.4,26.18,1,-1,100
307,0.0083876221,5169.0853253956,84.2,82.4,53.7,26.18,1,-1,100
540,0.0056037037,5173.2463223568,57.7,81.1,68.6,26.18,1,-1,100
592,0.005464527,5177.7958861871,46.8,81.1,73.8,26.61,1,-1,100
549,0.0063934426,5182.0764865011,52.3,80.5,81.6,26.25,1,-1,100
534,0.0063820225,5186.7111849535,50.8,81.6,78.0,26.25,1,-1,100
570,0.0062333333,5191.3129320467,47.5,80.6,80.1,26.62,1,-1,100
589,0.0057860781,5195.8901941797,43.1,80.8,77.6,26.26,1,-1,100
563,0.0059040853,5200.4234924168,50.0,81.3,79.8,26.26,1,-1,100
573,0.0122268761,5440.2846970874,0.0,85.7,0.0,26.0,4,-1,100
1047,0.0067602674,5444.5920149891,69.5,85.2,97.5,26.19,3,-1,100
1148,0.0054059233,5448.4400637071,63.0,86.0,96.9,26.29,2,-1,100
1105,0.0062054299,5452.3691131398,66.9,83.9,95.7,26.66,1,-1,100
1143,0.0056089239,5456.2331904257,63.7,83.9,97.2,26.31,1,-1,100
1168,0.0057619863,5460.3225901235,60.2,83.8,98.8,26.75,1,-1,100
1087,0.0062704692,5464.3958584231,63.7,84.3,92.2,26.75,1,-1,100
1180,0.0056220339,5468.5118186048,64.4,82.9,100.6,26.75,1,-1,100
991,0.0065993946,5472.583462649,70.6,83.7,94.1,26.75,1,-1,100
1197,0.0052030075,5476.7483569596,58.3,83.5,103.1,26.75,1,-1,100
1156,0.0057967128,5480.6065001207,62.1,84.5,93.8,26.38,1,-1,100
194,0.1039329897,6135.7683013211,0.0,83.7,0.0,26.5,4,-1,100
230,0.1060565217,6140.5049452294,31.6,84.1,5.0,26.16,3,-1,100
230,0.1039913043,6145.3791284955,21.1,82.9,11.2,26.56,2,-1,100
206,0.1121699029,6150.1196858825,53.3,84.0,2.8,26.57,1,-1,100
225,0.1062488889,6155.1159311326,38.9,83.5,5.6,26.19,1,-1,100
230,0.1082043478,6159.9051159817,20.5,83.9,1.2,26.23,1,-1,100
230,0.1037478261,6164.6392181293,16.2,82.6,8.4,26.25,1,-1,100
227,0.107845815,6169.3081564284,19.2,83.0,2.5,26.25,1,-1,100
230,0.1030608696,6174.1182498331,21.4,82.4,7.5,26.25,1,-1,100
225,0.1047733333,6178.890120483,17.0,82.9,4.7,26.25,1,-1,100
230,0.1007695652,6183.6620239849,16.1,82.5,9.4,26.25,1,-1,100
450,2.5389111111,7713.1226786449,0.0,94.7,0.0,73.96,8,-1,100
151,8.2254701987,7719.264214102,83.5,94.7,80.2,125.38,7,-1,100
61,12.1777704919,7724.6468744747,83.4,94.9,85.8,167.57,8,1,100
43,15.205255814,7730.9220566916,92.8,59.4,63.7,197.19,9,1,100
123,26.5854796748,7737.6119714481,79.8,59.6,88.8,251.92,8,-1,100
30,28.2909999999,7743.6880535444,69.8,61.3,95.7,294.43,9,1,100
68,36.3948676469,7748.2277352775,65.6,62.3,97.5,349.38,10,1,100
30,38.782,7753.465227445,67.6,63.4,96.3,399.69,11,1,100
77,46.4732207793,7757.9904656968,57.7,64.1,95.7,460.96,12,1,100
41,48.7799756099,7762.3543290452,76.3,64.7,97.1,501.45,13,1,100
149,57.4504832215,7767.7275569535,46.4,65.2,95.7,595.54,12,-1,100
381,61.5592650919,7770.9345926575,41.9,66.9,99.1,769.58,13,1,900
369,66.4579837398,7775.5987073639,41.8,69.6,98.1,949.0,14,1,900
403,71.4938560794,7780.4444795158,53.9,71.4,97.6,1106.3,15,1,900
396,76.5776641414,7785.2803498856,47.3,74.2,98.6,1297.18,16,1,900
470,82.4703106383,7790.8087509475,28.0,75.5,41.0,1388.02,17,1,900
491,87.2169490835,7795.2804170679,22.5,75.3,2.8,1388.02,18,1,900
486,92.0257386831,7799.8295094545,16.3,75.0,1.9,1388.02,19,1,900
483,96.8162049689,7804.354141653,20.3,75.2,0.6,1388.02,20,1,900
480,101.6066729167,7808.8764527768,12.4,75.0,0.9,1388.02,21,1,900
474,106.4676054852,7813.404996791,22.9,75.3,1.6,1388.02,22,1,900
499,111.2755891784,7818.0380570028,25.8,75.7,2.2,1388.02,23,1,900
399,115.8628095238,7822.4844581734,97.2,79.8,2.6,1388.03,24,1,900
468,121.2766901709,7827.6853246388,93.8,79.5,0.9,1388.03,23,-1,100
488,126.1115266393,7832.2289252477,43.3,76.5,0.6,1388.03,22,-1,100
474,130.9914219409,7836.8366845167,21.2,76.9,1.6,1388.0,21,-1,100
475,135.9126926316,7841.4421822187,14.2,76.5,0.9,1388.0,20,-1,100
481,140.7631081081,7846.0850782375,25.0,76.4,0.3,1387.97,20,0,100
487,145.6671026694,7850.8587930594,16.2,75.8,1.2,1388.04,20,0,100
481,150.4423201663,7855.4534288707,29.2,73.4,0.6,1388.04,20,0,100
474,155.227907173,7860.0249994485,13.0,73.1,1.2,1388.04,20,0,100
502,160.0797310757,7864.7702884517,31.7,73.5,2.5,1388.04,20,0,100
463,164.9985161987,7869.5262010659,51.1,74.6,0.3,1388.04,20,0,100
479,169.8682713988,7874.0955296976,69.3,77.0,1.6,1388.04,20,0,100
487,174.7096488707,7878.6859105936,26.9,76.0,0.9,1388.02,20,0,100
116,0.7287758621,124.5837147462,0.0,93.8,0.0,33.63,2,1,900
171,5.4179356725,130.0643824165,85.0,92.3,40.9,61.36,3,1,900
321,9.5112149533,133.6865914135,57.2,93.1,0.9,61.37,4,1,900
321,14.3554330218,138.3114050749,94.7,93.2,1.2,61.38,5,1,900
322,18.9845248447,142.7263439642,81.8,90.6,1.5,60.68,6,1,900
320,23.652546875,146.7412012875,52.5,89.1,0.3,60.72,7,1,900
324,28.4041666666,151.2473046353,40.7,89.0,0.3,60.72,8,1,900
322,32.9714596273,155.8279863181,28.8,89.0,0.0,60.25,9,1,900
323,35.9330619195,160.0308141192,26.7,88.7,0.9,60.25,10,1,900
326,40.3272760736,164.381854687,27.2,89.3,0.3,60.22,10,0,900
313,45.2933035144,168.9940903309,61.1,89.4,0.6,60.2,10,0,900
150,2.52278,24.1280545076,0.0,85.7,0.0,55.28,2,1,900
60,8.5378166666,30.5603227774,99.9,86.0,71.1,87.03,3,1,900
143,12.6947342657,34.1056285988,99.9,85.9,52.6,107.51,4,1,900
160,17.38095,38.6405982375,99.5,86.3,40.4,119.47,5,1,900
160,22.40520625,43.5101938114,99.6,86.3,36.6,132.32,6,1,900
150,27.1727866666,47.7905553675,99.4,86.7,43.0,144.28,7,1,900
160,32.094275,52.3519461632,99.3,86.3,31.2,155.34,8,1,900
170,37.2048294118,57.2833540944,99.9,86.8,31.7,164.75,9,1,900
150,42.2476333334,62.1232227723,100.0,86.6,40.4,177.0,10,1,900
160,47.107125,66.7061079085,97.7,87.3,5.6,178.35,10,0,900
150,52.0376400001,71.4204797538,97.9,88.1,0.0,178.35,10,0,900
596,2.4705218121,44.1523889867,0.0,84.7,0.0,68.6,2,1,900
456,7.7328135965,49.0215750384,99.9,85.1,74.6,103.27,3,1,900
287,12.9786724739,53.8678424973,99.9,84.9,75.2,135.97,4,1,900
565,17.1506495575,57.3238026328,100.0,84.2,49.1,156.92,5,1,900
635,21.7086,61.5173371724,99.9,83.1,36.8,168.91,6,1,900
640,26.49133125,65.8881215662,99.9,82.9,27.6,177.58,7,1,900
665,31.3811097744,70.2718310847,99.9,81.5,37.1,187.82,8,1,900
655,36.5842351145,75.1098300919,99.9,81.5,36.3,199.39,9,1,900
640,41.342428125,79.4975895219,99.9,81.1,38.5,210.22,10,1,900
640,46.074509375,82.2508111324,99.8,81.5,33.0,221.46,11,1,900
600,50.9441433333,83.693201164,99.5,81.7,40.4,231.0,12,1,900
640,55.5980046875,87.9287592813,99.8,81.9,35.5,241.05,13,1,900
640,60.285034375,92.3021518558,99.4,81.5,32.6,251.88,14,1,900
662,65.0554803625,96.6451618142,99.2,81.8,42.0,263.77,15,1,900
662,70.4633293051,101.7083352433,99.6,81.7,48.8,277.96,16,1,900
640,75.2564265625,106.1918603193,99.0,82.2,40.2,289.95,17,1,900
640,79.914921875,110.4800916389,99.7,82.4,32.4,297.9,18,1,900
640,84.6069953125,114.4025314752,100.0,83.0,27.0,303.08,19,1,900
643,89.417696734,118.6743999358,100.0,75.0,39.7,312.61,20,1,900
650,94.8455230769,123.2618902606,99.6,75.7,43.6,326.67,21,1,900
653,99.3502649311,127.4824039012,99.8,75.7,31.6,334.08,22,1,900
633,103.0071484992,131.694295786,99.9,76.6,16.8,336.71,22,0,900
640,107.9304109375,135.6648767766,99.6,77.3,1.2,336.71,22,0,900
1391,2.0715140187,80.8263460632,0.0,77.0,0.0,63.41,2,1,3000
883,7.140220838,85.03898548,100.0,76.0,70.0,97.42,3,1,3000
732,12.2940437158,88.8684724416,100.0,76.2,80.8,136.48,4,1,3000
1838,15.748460827,88.0654596133,99.9,74.8,41.5,146.54,5,1,3000
1760,20.1032772727,90.1259132346,99.9,74.6,44.9,156.12,6,1,3000
1840,24.4425826087,91.6037771847,99.7,74.4,41.4,166.36,7,1,3000
1720,28.8601534884,94.4406826222,99.9,74.8,46.3,175.12,8,1,3000
1840,33.0203005435,97.3641372306,99.3,74.7,47.7,185.34,9,1,3000
1680,35.9722125,100.6750321595,99.3,75.1,44.1,194.0,10,1,3000
1846,40.6507470206,104.0148402735,99.6,74.8,43.0,202.63,11,1,3000
1858,45.4263057051,100.4381835121,99.5,75.3,43.8,210.71,12,1,3000
1261,1.8833647899,57.7724196204,0.0,94.7,0.0,54.79,2,1,3000
46,4.8063695652,65.2829850497,100.0,94.1,30.8,63.57,3,1,3000
80,11.1572625001,70.6176466346,99.9,95.7,56.1,86.77,4,1,3000
40,19.8130000001,85.122233814,100.0,95.4,47.4,106.68,5,1,3000
899,32.6643692992,87.6113739955,100.0,95.5,59.7,138.09,6,1,3000
1068,37.5561657304,91.6837339325,99.9,95.3,54.2,174.57,7,1,3000
829,42.1562931242,96.1231710704,99.9,94.9,61.8,213.38,8,1,3000
1128,46.8165345745,100.8605448766,100.0,95.8,71.2,260.71,9,1,3000
1654,51.0625374848,105.2293087071,100.0,96.0,18.3,263.49,10,1,3000
1735,54.6683850144,109.6775527329,99.9,96.2,15.4,263.5,11,1,3000
1381,55.3589536568,114.6944911088,100.0,96.4,5.3,263.62,12,1,3000
1800,39.5692422222,119.1450729158,100.0,96.2,23.5,263.81,11,-1,1500
1584,42.8370732323,124.113356517,100.0,95.7,12.4,263.78,11,0,1500
1779,47.5140680157,128.4278557504,99.4,93.4,2.2,263.78,11,0,1500
0,0,0,99.9,93.7,4.6,263.79,11,0,1500
0,0,0,77.8,93.6,3.7,262.8,11,0,1500
0,0,0,74.6,93.5,1.2,259.68,11,0,1500
0,0,0,83.4,94.1,5.6,258.78,11,0,1500
0,0,0,100.0,94.2,3.1,258.8,11,0,1500
0,0,0,99.5,94.6,4.4,257.0,11,0,1500
0,0,0,91.1,94.8,1.2,256.25,11,0,1500
0,0,0,76.7,95.0,5.2,256.44,11,0,1500
0,0,0,95.7,95.5,2.2,254.18,11,0,1500
6816,1.3992724472,601.9040453364,0.0,92.7,0.0,50.8,1,-1,3000
753,6.306188579,603.7323149368,90.9,93.6,72.4,83.12,2,1,3000
41,7.9060243903,609.6359597648,90.9,93.5,83.1,108.36,3,1,3000
76,13.0021710527,614.6342254657,92.1,94.4,66.1,146.48,4,1,3000
41,22.3621219514,626.8374483876,86.1,93.5,73.6,187.73,4,0,3000
4094,32.1541660967,627.2263447101,85.2,94.5,83.1,268.81,4,0,3000
4314,32.7024928141,627.5104076456,86.0,93.9,83.6,342.12,4,0,3000
4660,31.9579733906,622.5089873966,90.5,94.3,68.4,395.53,4,0,3000
12135,16.794533663,598.2938966429,81.3,93.8,23.6,389.36,4,0,3000
12551,20.2239393674,575.1317859556,66.1,94.0,19.8,382.29,4,0,3000
128,0.027734375,790.0182031896,0.0,91.5,0.0,25.79,1,0,3000
155,0.0239677419,795.0262337054,100.0,91.0,4.4,26.23,1,0,3000
153,0.0306535948,799.8881550583,99.9,91.4,0.9,25.82,1,0,3000
159,0.028163522,804.7655744897,99.2,91.0,5.0,25.82,1,0,3000
151,0.0274238411,809.6425705382,99.4,90.2,2.8,25.82,1,0,3000
160,0.02685625,814.5565132305,97.3,90.3,4.7,26.29,1,0,3000
110,0.0275727273,819.7158105503,98.9,92.7,2.5,25.88,1,0,3000
159,0.0292830189,824.3632848983,75.9,90.2,1.2,26.3,1,0,3000
155,0.0304322581,829.2815123681,63.7,90.1,2.2,26.31,1,0,3000
159,0.0297987421,834.1576691064,52.6,90.0,2.2,26.31,1,0,3000
150,0.0298933333,839.0847632885,67.0,90.0,0.3,26.31,1,0,3000
285,0.0149719298,975.6249642372,0.0,86.6,0.0,25.84,1,0,3000
317,0.0129211356,980.1688015243,25.0,86.0,1.6,26.32,1,0,3000
295,0.0123491525,984.7502057221,45.8,86.6,10.3,26.32,1,0,3000
303,0.0151023102,989.5246124527,30.9,86.4,2.2,25.93,1,0,3000
301,0.0122392027,994.2112410164,43.2,87.1,7.8,25.94,1,0,3000
311,0.0145273312,998.8800626897,25.9,86.6,3.4,26.38,1,0,3000
274,0.0145328467,1003.474925954,57.2,86.7,3.1,26.38,1,0,3000
300,0.0143166667,1008.240299987,43.1,86.2,4.1,26.38,1,0,3000
283,0.0146925795,1012.8386586496,43.7,86.6,4.0,26.38,1,0,3000
317,0.014488959,1017.4743319633,35.4,86.0,2.5,26.38,1,0,3000
292,0.0137465753,1022.1374127636,40.2,86.8,3.7,26.38,1,0,3000
317,0.0157223975,1048.490557803,0.0,87.0,0.0,26.27,3,0,3000
318,0.0153301887,1053.1619212163,34.9,86.7,2.8,26.32,3,0,3000
320,0.013634375,1057.6807592481,39.0,87.0,8.1,26.32,3,0,3000
314,0.0158726115,1062.4119091657,32.2,86.6,0.6,26.34,3,0,3000
317,0.014637224,1067.0594620329,46.9,86.8,6.2,26.34,3,0,3000
317,0.0147350158,1071.8258619775,41.0,86.6,3.4,25.98,3,0,3000
318,0.0157232704,1076.5679459122,24.8,86.6,0.3,25.98,3,0,3000
320,0.0149875,1081.3128743775,36.8,86.4,4.4,26.36,3,0,3000
312,0.0142179487,1086.0194097925,40.0,86.7,10.3,25.98,3,0,3000
320,0.0141625,1090.7503147244,39.9,85.9,5.0,26.36,3,0,3000
269,0.015802974,1095.1202237367,30.6,86.6,0.3,26.34,3,0,3000
383,2.4310313316,919.5395156304,0.0,90.7,0.0,84.55,1,0,3000
383,7.3951775457,924.2068132968,70.9,91.6,89.4,155.45,1,0,3000
361,12.2767396122,928.6679660032,59.7,91.8,91.6,236.99,1,0,3000
390,17.1953153846,933.1267537313,65.5,92.2,88.2,315.69,1,0,3000
329,22.3324072948,936.1760172395,58.0,92.9,88.8,406.91,1,0,3000
360,27.2114972222,939.0524471203,69.0,93.3,77.6,472.98,1,0,3000
345,32.0507855073,943.156139427,53.2,94.4,89.2,561.73,1,0,3000
642,36.8863753894,947.4837423062,28.1,94.2,4.0,564.47,1,0,3000
642,41.6766246106,951.4546191091,20.8,94.3,0.0,564.48,1,0,3000
642,46.4686448598,955.6912502329,35.2,94.0,0.0,564.48,1,0,3000
640,51.2732875,959.7315966342,23.4,93.9,0.6,564.48,1,0,3000
352,2.8329630682,135.0824677023,0.0,89.4,0.0,68.44,2,0,3000
356,7.1696994382,138.5487915525,68.6,90.0,88.8,146.14,2,0,3000
320,12.133615625,142.841551514,43.5,91.5,98.1,251.23,2,0,3000
517,16.8849245648,147.4484716605,33.5,91.8,39.4,288.86,2,0,3000
644,21.1840341614,151.2941881663,14.3,91.7,0.3,288.87,2,0,3000
642,25.9710202493,155.5506760866,18.7,91.5,0.6,288.91,2,0,3000
642,30.638982866,159.1994282969,28.3,91.6,0.6,288.91,2,0,3000
642,35.4371588785,162.4377950356,20.4,91.1,0.9,288.91,2,0,3000
644,40.2204332298,165.4294046819,25.3,91.5,0.3,288.91,2,0,3000
641,45.0322792512,168.5177625334,16.5,91.2,0.0,288.91,2,0,3000
643,49.8402534992,172.1008116721,13.2,91.6,0.3,288.91,2,0,3000
407,2.4895749386,436.2976085724,0.0,87.7,0.0,91.59,3,0,3000
376,7.5908537234,440.8375349292,81.3,88.9,80.2,149.52,3,0,3000
346,12.1778930636,444.8287818942,84.0,91.7,78.5,204.27,3,0,3000
405,17.3274765432,449.7492048958,81.4,90.9,90.2,277.14,3,0,3000
370,22.4233675676,454.648899041,56.2,91.0,97.2,363.69,3,0,3000
330,27.2621909091,459.1443127979,51.9,92.3,97.2,463.84,3,0,3000
315,32.2230698412,463.7959205484,57.2,93.5,93.8,554.08,3,0,3000
330,37.2484151516,468.5935066592,52.2,94.1,96.3,647.19,3,0,3000
388,42.2558994846,473.3958599254,64.3,93.0,93.5,744.79,3,0,3000
297,47.6564074075,478.583124119,50.7,94.1,95.6,841.32,3,0,3000
335,51.8372059702,482.556628176,61.0,94.1,97.2,919.37,3,0,3000
372,2.5268951613,787.766917753,0.0,85.0,0.0,76.66,4,0,3000
369,7.3055094851,791.9496298289,96.0,86.3,72.8,118.94,4,0,3000
360,12.1273694444,795.9101185342,75.0,87.2,83.7,189.02,4,0,3000
352,16.9042613636,800.2857908918,61.9,87.6,90.4,271.37,4,0,3000
369,21.7418943089,804.9674200437,65.2,85.6,83.4,342.29,4,0,3000
384,26.8133541667,809.9083990802,77.2,86.8,79.6,409.38,4,0,3000
346,32.1535057804,815.0801254607,82.0,87.6,75.4,460.26,4,0,3000
359,36.8513175487,819.5036932506,82.1,88.6,82.2,524.56,4,0,3000
409,42.0065085575,824.3417299044,68.1,89.7,89.4,606.87,4,0,3000
353,47.4078016997,829.4551984136,68.3,91.0,86.2,674.31,4,0,3000
408,52.0008186275,833.8391959696,80.5,91.8,83.3,740.72,4,0,3000
326,57.3917423313,839.0283163384,63.4,92.6,92.2,814.52,4,0,1300
438,61.8734634703,843.2322846967,67.8,93.7,87.3,896.02,4,0,1300
231,67.4629264069,848.6427281316,82.5,95.0,76.2,931.23,4,0,1300
269,72.2147657992,853.2210916524,99.8,95.0,45.2,945.37,4,0,1300
335,76.9750298507,857.7642497575,95.1,96.1,59.7,980.38,4,0,1300
404,81.838240099,862.3970801942,70.4,94.9,90.7,1063.61,4,0,1300
296,86.9546114864,867.2921255561,53.0,95.5,97.5,1130.12,4,0,1300
410,91.6973146342,871.7682745364,64.3,95.8,90.2,1220.28,4,0,1300
417,96.8167434053,876.5239439234,67.6,96.2,91.0,1286.85,4,0,1300
222,102.3553468469,881.884164299,71.7,96.4,86.3,1333.67,4,0,1300
245,106.3375714285,885.6192702683,86.8,97.1,51.9,1316.19,4,0,1300
164,111.9161341464,890.9289142795,99.7,97.3,34.3,1308.39,4,0,1300
166,116.9414277109,895.783609419,99.4,97.0,27.0,1286.25,4,0,1500
188,121.988,900.6872712107,91.0,96.4,38.6,1276.06,4,0,1500
212,127.6562169811,906.2480502668,88.1,95.1,47.0,1305.49,4,0,1500
311,131.6317781351,909.9576870705,84.0,94.1,54.9,1360.62,4,0,1500
247,140.8048340081,918.8408859732,94.7,94.8,40.7,1389.81,4,0,1500
230,145.7181,923.5599761745,88.5,95.1,46.8,1427.68,4,0,1500
144,150.9403333334,928.6580218623,99.8,95.6,25.3,1435.63,4,0,1500
164,157.0924817073,934.6734975489,99.5,95.2,21.5,1445.44,4,0,1500
36,161.4044444444,938.8815005885,99.4,95.3,36.7,1448.22,4,0,1500
139,176.0889712231,953.528556256,99.3,95.5,32.0,1460.11,4,0,1500
388,180.7024974227,958.0123738548,62.1,95.7,94.7,1530.68,4,0,1500
302,186.0718675496,963.153493331,80.0,95.6,65.3,1579.04,4,0,1500
294,190.8814319728,967.7638995761,91.1,96.2,51.3,1609.3,4,0,1500
397,196.1974332494,972.7045027123,68.0,96.4,87.6,1671.04,4,0,1500
441,201.0889206349,977.2151958629,76.0,96.8,91.5,1698.28,4,0,1500
182,205.2733021978,981.1919857093,85.6,96.5,55.0,1721.79,4,0,1500
293,216.4678941979,992.2035020724,83.7,95.8,55.7,1760.95,4,0,1500
338,221.9118964496,997.3786649231,81.9,95.9,63.8,1813.2,4,0,1500
22,226.1717727273,1001.3253381036,99.8,96.4,7.0,1814.84,4,0,1500
156,232.0389102564,1007.1193853586,100.0,96.2,33.7,1826.62,4,0,1500
56,239.1941071428,1014.212198432,100.0,96.2,10.9,1831.18,4,0,1500
286,248.5180839161,1023.4053809768,99.4,94.9,35.6,1858.17,4,0,1500
96,253.8125625,1028.5652209918,100.0,94.8,23.0,1865.44,4,0,1500
173,260.3008612718,1034.9803727955,100.0,94.4,31.2,1876.29,4,0,1500
274,265.2030510949,1039.6463678832,94.4,94.3,54.6,1902.89,4,0,1300
337,269.8047774481,1044.0539783667,89.6,95.0,65.1,1935.7,4,0,1300
518,274.9651428572,1049.0414882475,71.7,94.7,3.4,1937.06,4,0,1300
513,279.3135419104,1052.989076204,73.4,95.4,2.5,1937.45,4,0,1300
397,284.3542241813,1057.6948104998,86.2,94.9,3.7,1937.75,4,0,1300
433,288.8300946882,1062.0096532307,80.1,95.2,2.7,1938.09,4,0,1300
476,294.1461449579,1067.0832867537,84.3,95.1,4.2,1938.68,4,0,1300
604,300.0501523179,1072.6437188979,59.4,95.3,2.1,1939.18,4,0,1300
644,304.9411319876,1077.0290566912,29.1,93.8,1.6,1939.7,4,0,1300
625,309.6190912,1081.2951388783,22.5,91.9,1.2,1940.2,4,0,1300
642,314.260088785,1085.6774172233,19.6,91.5,0.0,1940.72,4,0,1300
641,319.1074492979,1089.9309607478,21.2,91.8,0.0,1941.22,4,0,1300
646,323.9645928793,1094.2016945989,41.6,91.5,0.9,1941.72,4,0,2000
644,328.7000046584,1098.4757044156,23.5,91.8,0.9,1942.25,4,0,2000
616,333.4172012987,1102.7508377592,50.4,92.8,0.6,1942.71,4,0,2000
506,338.0527727272,1106.8823002068,85.2,94.2,0.9,1943.1,4,0,2000
452,343.4506504425,1111.8651849417,87.6,93.7,0.9,1934.39,4,0,2000
632,348.0198085443,1116.2472452733,41.0,93.7,0.9,1934.9,4,0,2000
599,352.8365358932,1120.6981757861,69.6,94.2,0.6,1911.14,4,0,2000
606,357.6586369637,1125.012669987,61.0,94.4,1.2,1898.23,4,0,2000
578,362.4659117647,1129.3552886211,51.6,94.0,0.6,1898.66,4,0,2000
640,367.3604578125,1133.9058204066,39.7,93.0,0.3,1899.17,4,0,2000
640,372.084496875,1138.2872206911,30.1,92.5,1.9,1899.68,4,0,2000
642,376.8823395638,1142.5184040088,31.4,93.0,1.6,1900.2,4,0,2000
635,381.6895307086,1146.8194785452,46.1,92.4,0.9,1900.68,4,0,1500
632,386.4141313292,1151.2266804633,51.0,93.2,0.0,1901.21,4,0,1500
634,391.0441876971,1155.5535749739,27.1,91.2,0.3,1901.66,4,0,1500
642,395.8724922118,1159.8988078376,33.9,91.2,0.0,1902.15,4,0,1500
644,400.7072282608,1164.3289112426,20.4,90.7,0.0,1902.66,4,0,1500
642,405.5229875389,1168.5190778521,27.1,91.2,0.3,1903.16,4,0,1500
628,410.3237006369,1172.7349790388,39.4,91.4,0.9,1903.64,4,0,1500
626,415.1094888179,1177.0170549147,48.4,92.4,0.9,1904.12,4,0,1500
627,419.9174098884,1181.5551657506,18.3,91.7,0.9,1904.61,4,0,1500
620,424.5950112903,1185.8965409106,45.7,92.6,0.3,1905.12,4,0,1500
624,429.4349519231,1190.1898190352,45.4,93.1,0.3,1905.61,4,0,1500
628,434.395245223,1194.7072963422,27.5,93.3,0.0,1906.21,4,0,1500
995,2.3684311558,691.98603229,0.0,86.9,0.0,79.98,2,0,3000
888,7.0884009009,694.8807566859,67.7,90.0,88.5,154.4,2,0,3000
923,11.9941029252,698.6089198809,86.1,90.8,84.1,208.8,2,0,3000
866,16.4234387991,702.3539679813,70.4,89.6,94.4,280.26,2,0,3000
947,21.212156283,706.4821378445,55.5,90.6,95.3,374.4,2,0,3000
1002,26.1333712575,710.8671584453,65.5,91.8,94.1,458.65,2,0,3000
915,30.7608546448,714.3953317733,65.8,93.2,96.6,538.1,2,0,3000
841,35.4241807372,717.1534675341,55.9,94.2,96.6,625.92,2,0,3000
858,39.8005710956,719.9437489871,52.3,94.9,96.6,716.22,2,0,3000
991,45.1251281534,723.5444321026,55.9,95.8,95.7,815.28,2,0,3000
851,49.6736039953,727.0754073843,59.9,93.5,93.8,882.83,2,0,3000
962,2.2761871102,415.0299017752,0.0,79.5,0.0,88.76,3,0,3000
916,6.74805131,418.8966920397,63.9,80.7,96.6,169.33,3,0,3000
983,11.3808056969,423.0303291552,70.7,81.5,94.1,247.46,3,0,3000
913,16.0941971522,427.3918249821,56.0,82.8,97.8,336.3,3,0,3000
888,20.7362894144,431.5967593338,48.9,84.0,98.1,439.45,3,0,3000
910,25.5573098901,435.7186749319,55.6,85.0,92.8,528.64,3,0,3000
1113,30.4498256963,440.0162267706,51.0,85.4,95.0,528.69,3,0,3000
1451,35.1007960027,443.7411942058,54.6,85.8,12.8,528.72,3,0,3000
1605,39.7851009346,447.4737022444,23.7,85.5,0.6,528.72,3,0,3000
1605,44.3450909657,451.1001928824,15.3,85.3,0.3,528.72,3,0,3000
1600,49.0059225,454.7216252278,12.1,85.1,0.3,528.72,3,0,3000
960,2.3465822917,275.928392304,0.0,80.7,0.0,96.73,8,0,3000
1090,7.3345899083,280.4879978825,29.2,81.0,62.8,166.27,8,0,3000
1610,11.4426273292,284.0608913943,18.2,81.4,0.0,166.27,8,0,3000
1586,15.9755327869,287.4806344628,19.0,80.7,0.0,166.27,8,0,3000
1605,20.5096124611,291.1437629627,19.0,81.2,0.9,162.84,8,0,3000
1610,25.0831130435,294.8170577391,13.2,80.7,0.6,161.9,8,0,3000
1605,29.7317750779,298.4555905275,14.2,82.2,0.0,159.43,8,0,3000
1533,34.3278669276,302.0007092488,22.6,82.3,0.6,158.3,8,0,3000
1588,39.4684049118,305.7861740498,37.9,81.8,0.9,154.66,8,0,3000
1601,44.1675802623,309.0046787036,13.7,81.3,0.6,150.86,8,0,3000
1610,48.8491695652,312.1539757059,23.7,81.7,1.2,147.88,8,0,3000
1040,2.2784990385,1245.9955289572,0.0,89.8,0.0,71.55,100,0,3000
821,6.8294323996,1247.9669997863,100.0,92.8,70.8,105.2,100,0,3000
742,11.827532345,1251.7747880628,100.0,95.1,64.6,136.3,100,0,3000
700,16.9252414285,1255.8687592513,100.0,93.6,59.8,166.56,100,0,3000
920,21.6015456522,1259.4277372171,100.0,94.0,73.9,202.27,100,0,3000
1008,26.3819722222,1262.9525650491,100.0,94.9,91.6,246.0,100,0,3000
1021,31.0790450539,1266.6961010745,100.0,94.8,92.3,294.96,100,0,3000
993,35.6019869083,1270.400556136,99.9,95.1,91.6,342.65,100,0,3000
990,40.0836727273,1274.0898880484,99.9,94.7,91.6,388.71,100,0,3000
1125,45.0460364445,1278.122150141,99.9,94.9,91.0,443.29,100,0,3000
856,49.7908130841,1282.1948816921,100.0,95.4,79.4,479.75,100,0,3000
1135,54.4056704846,1286.2943021119,100.0,95.2,90.4,529.27,100,0,1000
915,58.4431081967,1289.7438515533,100.0,95.7,50.3,529.47,100,0,1000
1118,63.7698059034,1294.2629326298,100.0,94.6,67.7,529.66,100,0,1000
672,68.8445997024,1298.5816353978,100.0,95.5,19.3,529.77,100,0,1000
1199,74.1698181818,1303.1292931499,93.5,82.8,0.6,529.67,100,0,1000
1565,78.4008728434,1306.0234122339,66.5,82.5,3.4,529.67,100,0,1000
1587,82.928273472,1309.2868671267,66.8,82.9,1.9,529.67,100,0,1000
1367,86.9822238478,1312.6218368583,74.7,87.3,0.6,529.67,100,0,1000
1422,91.8302672292,1316.6256730359,92.3,88.2,3.1,529.67,100,0,1000
1602,95.8722141074,1319.6136086706,78.8,84.9,0.6,529.67,100,0,1000
1595,99.8682238245,1322.5249289637,73.7,84.8,0.9,527.74,100,0,1000
1585,104.0562914827,1325.9563076246,63.7,84.5,1.2,526.55,100,0,1000
1038,2.4445231214,948.5464112212,0.0,86.5,0.0,84.47,1,0,3000
995,6.9759507538,951.0144526168,67.9,87.2,93.8,162.46,1,0,3000
1011,11.8250524233,951.8015852814,82.8,87.9,92.9,229.67,1,0,3000
926,16.4778185745,953.9417953859,65.9,88.1,96.9,309.86,1,0,3000
855,20.9837695907,957.1880644519,51.9,87.5,97.9,402.7,1,0,3000
1023,25.8650293255,960.7464150632,67.0,88.4,93.4,486.9,1,0,3000
1041,30.9127665706,964.1271311843,87.0,90.4,80.2,544.12,1,0,3000
900,35.7383288889,967.4045798148,64.7,91.2,91.1,619.53,1,0,3000
1068,40.6845664794,970.8116026929,62.7,92.3,89.6,709.45,1,0,3000
897,45.7682263099,974.2174755315,58.6,93.5,94.4,790.79,1,0,3000
1132,50.3331298587,976.2589686559,60.2,92.0,98.5,814.48,1,0,3000
1525,2.0903757377,333.2052284345,0.0,86.3,0.0,58.88,1,0,3000
2232,6.2462047491,336.1102621756,47.7,86.6,77.4,131.18,1,0,3000
3220,9.6543726708,337.9571985071,12.4,86.0,2.8,129.02,1,0,3000
3209,13.357764101,339.3647483639,18.6,86.9,1.2,126.34,1,0,3000
3220,17.4198142857,340.7291270965,15.7,86.3,7.5,118.49,1,0,3000
3210,21.7562336449,342.6717130125,23.8,86.3,7.5,113.62,1,0,3000
3219,26.2849614787,344.213521073,19.1,86.0,3.4,107.5,1,0,3000
2912,30.6236006181,345.1928321003,42.9,87.3,0.9,101.29,1,0,3000
3098,35.230570368,346.1834199332,56.6,86.0,4.7,94.07,1,0,3000
3200,39.6348028125,341.7583968491,27.3,85.3,2.8,87.18,1,0,3000
3220,44.0998357143,329.4641787973,21.6,85.0,3.1,78.82,1,0,3000
2000,2.1152205,366.7915491238,0.0,77.8,0.0,84.04,5,0,3000
1716,6.4019527972,369.6772234373,58.4,78.9,95.0,167.14,5,0,3000
1785,10.6846722689,371.2302306806,61.4,80.8,96.3,250.69,5,0,3000
1667,15.1718764247,373.6359078351,55.2,82.2,95.9,333.9,5,0,3000
1892,19.6744223045,376.3109173399,55.3,82.9,96.3,421.71,5,0,3000
1859,24.4464948897,378.3946424589,54.4,84.5,93.3,510.41,5,0,3000
1753,29.1776697091,379.5188615668,57.6,85.6,94.8,590.0,5,0,3000
1930,33.9628901555,380.9517793321,58.6,86.4,94.7,672.54,5,0,3000
2601,39.1618485198,383.1713355664,76.4,87.3,92.3,707.45,5,0,3000
2694,43.7159216778,384.1408216721,29.8,86.9,43.9,708.11,5,0,3000
3198,47.763644778,384.6416440135,35.8,86.8,7.2,708.18,5,0,3000
1780,2.0893707865,657.1071561606,0.0,80.0,0.0,67.53,20,0,3000
1799,6.1622062257,659.5689700271,72.1,80.8,86.4,129.38,20,0,3000
1662,10.631921781,661.6271363038,73.0,81.9,85.4,189.95,20,0,3000
1821,14.625918726,664.3002903332,56.5,83.6,96.9,272.57,20,0,3000
1876,19.0124307037,667.3115187383,64.4,84.0,93.8,352.34,20,0,3000
1815,23.8685564739,670.0421916473,64.4,84.6,90.1,427.75,20,0,3000
1886,28.5249188759,669.2983967684,60.2,85.5,95.7,505.11,20,0,3000
1694,32.7968937426,669.9583946837,53.5,86.6,96.0,591.07,20,0,3000
1842,36.8696883822,672.8258250839,54.1,86.0,97.2,674.39,20,0,3000
1930,41.5597186528,675.9298196732,61.1,86.3,96.0,764.62,20,0,3000
1770,46.2836559322,679.0761055282,60.8,86.9,96.9,835.93,20,0,3000
5805,1.4927979328,274.3614832436,0.0,83.3,0.0,67.41,1,0,3000
5619,4.6798877024,273.0602172483,77.4,83.9,92.0,112.34,1,0,3000
5800,8.3055987931,271.59266157,70.8,85.9,93.2,163.76,1,0,3000
5302,12.068831573,270.0508541643,61.4,87.5,95.7,231.36,1,0,3000
5099,15.3928413414,269.4012468522,54.4,87.3,98.8,302.55,1,0,3000
4781,19.5297981594,265.3355992553,59.4,88.3,91.3,371.22,1,0,3000
5038,23.1486802302,263.9027788205,46.2,89.2,99.1,448.06,1,0,3000
6341,27.3207102981,263.1655908481,88.4,91.6,90.7,489.01,1,0,3000
5095,30.6908714426,262.3157673072,42.5,92.0,98.4,574.1,1,0,3000
5236,34.6745681818,265.7836280266,48.5,92.4,90.1,643.05,1,0,3000
9660,37.8882315735,269.1179560377,10.7,92.3,12.8,643.21,1,0,3000
4795,1.4725599583,633.9310621558,0.0,88.3,0.0,55.39,3,0,3000
5890,4.2611295416,633.1252291762,70.4,88.0,94.4,110.5,3,0,3000
5302,7.5815556394,632.7410394569,54.7,89.7,94.6,184.59,3,0,3000
5150,11.5240656311,632.5701770585,49.5,90.0,98.1,265.33,3,0,3000
5598,15.1373306538,632.6983299533,60.7,91.0,93.2,331.36,3,0,3000
5145,19.1093712342,633.3358989595,62.4,91.5,89.4,392.82,3,0,3000
5621,23.1190775663,633.5099984342,69.9,92.9,91.9,446.09,3,0,3000
5082,27.0715602125,632.7787234322,60.1,92.9,95.4,510.55,3,0,3000
5045,31.0226858275,633.1075936384,59.8,93.6,94.7,574.05,3,0,3000
5938,35.1485906029,633.0277309891,60.6,94.4,93.5,636.68,3,0,3000
5826,39.9224153793,633.2123536352,68.9,94.9,88.5,703.93,3,0,3000
407,2.141914005,247.5151696873,0.0,85.2,0.0,102.88,1,0,3000
341,7.2340351906,252.6806100254,44.0,87.0,91.3,194.68,1,0,3000
412,12.0588009709,257.5115379182,85.4,85.6,88.5,258.73,1,0,3000
379,16.993176781,262.4020942239,57.5,86.2,82.0,336.91,1,0,3000
426,22.5217746479,267.9311427734,83.2,86.7,83.2,400.73,1,0,3000
377,27.4193952255,272.8198744062,69.1,88.0,86.1,471.8,1,0,3000
345,32.5515710145,277.8909220163,54.6,88.0,84.8,553.02,1,0,3000
403,37.374382134,282.6545805103,32.1,89.0,64.1,602.19,1,0,3000
597,42.2656314908,287.4512948962,51.3,89.7,0.6,602.25,1,0,3000
638,47.2664075235,292.3610362439,28.1,90.1,0.3,602.26,1,0,3000
640,52.1827015625,297.175104503,54.3,92.0,0.0,602.26,1,0,3000
392,2.0792193878,323.232845321,0.0,90.8,0.0,103.1,2,0,3000
396,7.2039747474,328.4221066176,65.0,91.8,89.5,183.76,2,0,3000
415,12.0174144579,333.2877955282,41.1,92.5,70.6,252.65,2,0,3000
389,17.108688946,338.3760950302,67.3,93.8,81.4,322.49,2,0,3000
292,21.6157123287,342.840020864,85.4,94.9,61.3,362.21,2,0,3000
390,27.0214820513,348.2080031383,97.3,95.7,63.8,397.67,2,0,3000
211,32.0379478673,353.1846638212,95.8,95.2,52.9,412.97,2,0,3000
335,37.3326029852,358.4340083912,97.3,96.1,48.8,440.45,2,0,3000
423,42.6451134752,363.6892410091,95.6,96.0,72.4,441.57,2,0,3000
382,48.2719031414,369.3590857483,72.7,95.8,69.8,486.59,2,0,3000
637,52.4765682888,373.6642926649,29.7,95.9,0.6,487.09,2,0,3000
644,1.8413555901,359.1504241243,0.0,90.7,0.0,28.87,4,0,3000
630,4.3257603175,363.9409032436,25.9,93.4,3.3,30.3,4,0,3000
547,6.9372285192,369.1707059722,84.9,92.8,9.0,34.19,4,0,3000
491,9.1461792261,373.6628483124,64.1,89.6,56.4,82.3,4,0,3000
378,11.0692433862,378.7218759129,55.9,87.2,94.2,173.46,4,0,3000
335,14.2219671642,383.720640053,43.3,87.2,93.5,277.68,4,0,3000
385,18.8481272727,388.9032243512,35.4,88.7,88.2,375.04,4,0,3000
374,23.467053476,393.9048432902,58.3,90.4,79.8,448.59,4,0,3000
304,28.2108322368,398.9254949571,38.5,91.4,97.5,562.45,4,0,3000
312,32.9343269231,403.8512196755,39.8,92.6,91.9,662.54,4,0,3000
558,37.8505842294,408.994134741,26.1,92.4,37.1,701.59,4,0,3000
434,2.2778317972,370.2336572541,0.0,83.8,0.0,92.55,2,0,3000
296,7.2102567567,375.2251687227,32.4,85.2,97.9,213.03,2,0,3000
315,12.3419047619,380.4103669038,40.5,86.5,96.0,325.69,2,0,3000
269,17.0160297398,385.0864642544,37.9,87.3,98.4,439.69,2,0,3000
273,21.9363516484,389.9825064394,34.9,88.8,99.1,562.33,2,0,3000
386,27.0386683938,395.0761888589,28.1,89.8,77.3,644.36,2,0,3000
446,32.0584439462,400.0614683633,29.9,90.7,69.0,724.26,2,0,3000
283,36.9050777386,404.8598591009,35.0,92.2,96.0,832.54,2,0,3000
280,41.6268035714,409.5775096561,37.2,93.5,98.5,934.91,2,0,3000
389,47.2989922879,415.2033148198,39.6,94.1,80.5,1040.91,2,0,3000
438,51.9310273972,419.7830166822,43.7,94.5,81.7,1128.4,2,0,3000
