tick,timestamp,cenario,controlador,msgs_processadas_intervalo,msgs_por_segundo,target_atual,erro_absoluto,erro_relativo,dentro_banda,fila_broker,prefetch_count,decisao,ticks_desde_mudanca_target,prefetch_aplicado
1,1780310803.315,mudanca_target,random_forest,666,22.2,230,207.8,-0.903478,0,9582,2,1,1,1
2,1780310833.547,mudanca_target,random_forest,1314,43.8,230,186.2,-0.809565,0,17065,3,1,2,1
3,1780310863.786,mudanca_target,random_forest,1961,65.3667,230,164.63330000000002,-0.715797,0,23958,4,1,3,1
4,1780310894.035,mudanca_target,random_forest,2552,85.0667,230,144.9333,-0.630145,0,30190,5,1,4,1
5,1780310924.267,mudanca_target,random_forest,3153,105.1,230,124.9,-0.543043,0,35911,6,1,5,1
6,1780310954.521,mudanca_target,random_forest,3704,123.4667,230,106.5333,-0.463188,0,41015,7,1,6,1
7,1780310984.772,mudanca_target,random_forest,4295,143.1667,230,86.83330000000001,-0.377536,0,45638,8,1,7,1
8,1780311015.031,mudanca_target,random_forest,4684,156.1333,230,73.86670000000001,-0.32116,0,50357,9,1,8,1
9,1780311045.288,mudanca_target,random_forest,5211,173.7,230,56.30000000000001,-0.244783,0,53935,10,1,9,1
10,1780311075.555,mudanca_target,random_forest,5558,185.2667,230,44.733300000000014,-0.194493,0,57117,11,1,10,1
11,1780311105.84,mudanca_target,random_forest,5988,199.6,230,30.400000000000006,-0.132174,0,59932,12,1,11,1
12,1780311136.097,mudanca_target,random_forest,6245,208.1667,230,21.83330000000001,-0.094927,1,62482,12,0,12,0
13,1780311166.214,mudanca_target,random_forest,6253,208.4333,230,21.566699999999997,-0.093768,1,65010,12,0,13,0
14,1780311196.32,mudanca_target,random_forest,6252,208.4,230,21.599999999999994,-0.093913,1,67461,12,0,14,0
15,1780311226.447,mudanca_target,random_forest,6308,210.2667,230,19.733300000000014,-0.085797,1,69926,12,0,15,0
16,1780311256.554,mudanca_target,random_forest,6198,206.6,230,23.400000000000006,-0.101739,0,72413,13,1,16,1
17,1780311286.927,mudanca_target,random_forest,6572,219.0667,230,10.933300000000003,-0.047536,1,74729,13,0,17,0
18,1780311317.049,mudanca_target,random_forest,6390,213.0,230,17.0,-0.073913,1,77006,13,0,18,0
19,1780311347.18,mudanca_target,random_forest,6488,216.2667,230,13.733300000000014,-0.05971,1,79292,13,0,19,0
20,1780311377.308,mudanca_target,random_forest,6438,214.6,230,15.400000000000006,-0.066957,1,81505,13,0,20,0
21,1780311407.438,mudanca_target,random_forest,6497,216.5667,230,13.433300000000003,-0.058406,1,83800,13,0,21,0
22,1780311437.537,mudanca_target,random_forest,6496,216.5333,230,13.466700000000003,-0.058551,1,86002,13,0,22,0
23,1780311467.647,mudanca_target,random_forest,6518,217.2667,230,12.733300000000014,-0.055362,1,88313,13,0,23,0
24,1780311497.757,mudanca_target,random_forest,6568,218.9333,230,11.066699999999997,-0.048116,1,90474,13,0,24,0
25,1780311527.863,mudanca_target,random_forest,6425,214.1667,230,15.833300000000008,-0.06884,1,92883,13,0,25,0
26,1780311557.969,mudanca_target,random_forest,6472,215.7333,230,14.266699999999986,-0.062029,1,95151,13,0,26,0
27,1780311588.105,mudanca_target,random_forest,6542,218.0667,230,11.933300000000003,-0.051884,1,97376,13,0,27,0
28,1780311618.227,mudanca_target,random_forest,6302,210.0667,230,19.933300000000003,-0.086667,1,99645,13,0,28,0
29,1780311648.347,mudanca_target,random_forest,6531,217.7,230,12.300000000000011,-0.053478,1,101928,13,0,29,0
30,1780311678.447,mudanca_target,random_forest,6441,214.7,230,15.300000000000011,-0.066522,1,104168,13,0,30,0
31,1780311708.577,mudanca_target,random_forest,6575,219.1667,230,10.833300000000008,-0.047101,1,106392,13,0,31,0
32,1780311738.701,mudanca_target,random_forest,6444,214.8,230,15.199999999999989,-0.066087,1,108609,13,0,32,0
33,1780311768.835,mudanca_target,random_forest,6463,215.4333,230,14.566699999999997,-0.063333,1,110932,13,0,33,0
34,1780311798.933,mudanca_target,random_forest,6348,211.6,230,18.400000000000006,-0.08,1,113274,13,0,34,0
35,1780311829.053,mudanca_target,random_forest,6518,217.2667,230,12.733300000000014,-0.055362,1,115606,13,0,35,0
36,1780311859.171,mudanca_target,random_forest,6465,215.5,230,14.5,-0.063043,1,117892,13,0,36,0
37,1780311889.3,mudanca_target,random_forest,6427,214.2333,230,15.766699999999986,-0.068551,1,120287,13,0,37,0
38,1780311919.414,mudanca_target,random_forest,6454,215.1333,230,14.866700000000009,-0.064638,1,122575,13,0,38,0
39,1780311949.551,mudanca_target,random_forest,6574,219.1333,230,10.866700000000009,-0.047247,1,124851,13,0,39,0
40,1780311979.648,mudanca_target,random_forest,6348,211.6,230,18.400000000000006,-0.08,1,127261,13,0,40,0
41,1780312009.751,mudanca_target,random_forest,6587,219.5667,230,10.433300000000003,-0.045362,1,129512,13,0,41,0
42,1780312039.881,mudanca_target,random_forest,6510,217.0,230,13.0,-0.056522,1,131732,13,0,42,0
43,1780312069.998,mudanca_target,random_forest,6599,219.9667,230,10.033299999999997,-0.043623,1,134028,13,0,43,0
44,1780312100.134,mudanca_target,random_forest,6471,215.7,230,14.300000000000011,-0.062174,1,136727,13,0,44,0
45,1780312130.261,mudanca_target,random_forest,6477,215.9,230,14.099999999999994,-0.061304,1,139152,13,0,45,0
46,1780312160.371,mudanca_target,random_forest,6466,215.5333,230,14.466700000000003,-0.062899,1,141494,13,0,46,0
47,1780312190.484,mudanca_target,random_forest,6533,217.7667,230,12.233300000000014,-0.053188,1,143822,13,0,47,0
48,1780312220.597,mudanca_target,random_forest,6395,213.1667,230,16.83330000000001,-0.073188,1,146176,13,0,48,0
49,1780312250.693,mudanca_target,random_forest,6441,214.7,230,15.300000000000011,-0.066522,1,148536,13,0,49,0
50,1780312280.821,mudanca_target,random_forest,6495,216.5,230,13.5,-0.058696,1,150854,13,0,50,0
51,1780312310.947,mudanca_target,random_forest,6542,218.0667,230,11.933300000000003,-0.051884,1,153140,13,0,51,0
52,1780312341.061,mudanca_target,random_forest,6428,214.2667,230,15.733300000000014,-0.068406,1,155418,13,0,52,0
53,1780312371.177,mudanca_target,random_forest,6570,219.0,230,11.0,-0.047826,1,157744,13,0,53,0
54,1780312401.312,mudanca_target,random_forest,6515,217.1667,230,12.833300000000008,-0.055797,1,160062,13,0,54,0
55,1780312431.427,mudanca_target,random_forest,6630,221.0,230,9.0,-0.03913,1,162289,13,0,55,0
56,1780312461.538,mudanca_target,random_forest,6429,214.3,230,15.699999999999989,-0.068261,1,164606,13,0,56,0
57,1780312491.668,mudanca_target,random_forest,6508,216.9333,230,13.066699999999997,-0.056812,1,166991,13,0,57,0
58,1780312521.766,mudanca_target,random_forest,6462,215.4,230,14.599999999999994,-0.063478,1,169181,13,0,58,0
59,1780312551.887,mudanca_target,random_forest,6524,217.4667,230,12.533299999999997,-0.054493,1,171549,13,0,59,0
60,1780312582.005,mudanca_target,random_forest,6512,217.0667,230,12.933300000000003,-0.056232,1,173837,13,0,60,0
61,1780312612.122,mudanca_target,random_forest,6552,218.4,230,11.599999999999994,-0.050435,1,176126,13,0,61,0
62,1780312642.247,mudanca_target,random_forest,6487,216.2333,230,13.766699999999986,-0.059855,1,178458,13,0,62,0
63,1780312672.351,mudanca_target,random_forest,6596,219.8667,230,10.133299999999991,-0.044058,1,180736,13,0,63,0
64,1780312702.482,mudanca_target,random_forest,6323,210.7667,230,19.233300000000014,-0.083623,1,183138,13,0,64,0
65,1780312732.598,mudanca_target,random_forest,6579,219.3,230,10.699999999999989,-0.046522,1,185422,13,0,65,0
66,1780312762.693,mudanca_target,random_forest,6433,214.4333,230,15.566699999999997,-0.067681,1,187778,13,0,66,0
67,1780312792.828,mudanca_target,random_forest,6591,219.7,230,10.300000000000011,-0.044783,1,190108,13,0,67,0
68,1780312822.931,mudanca_target,random_forest,6372,212.4,230,17.599999999999994,-0.076522,1,192465,13,0,68,0
69,1780312853.057,mudanca_target,random_forest,6533,217.7667,230,12.233300000000014,-0.053188,1,194779,13,0,69,0
70,1780312883.191,mudanca_target,random_forest,6458,215.2667,230,14.733300000000014,-0.064058,1,197115,13,0,70,0
71,1780312913.322,mudanca_target,random_forest,6440,214.6667,230,15.333300000000008,-0.066667,1,199568,13,0,71,0
72,1780312943.439,mudanca_target,random_forest,6513,217.1,30,187.1,6.236667,0,201802,12,-1,1,1
73,1780312973.797,mudanca_target,random_forest,6285,209.5,30,179.5,5.983333,0,204388,11,-1,2,1
74,1780313004.207,mudanca_target,random_forest,5986,199.5333,30,169.5333,5.65111,0,207226,10,-1,3,1
75,1780313034.521,mudanca_target,random_forest,5596,186.5333,30,156.5333,5.217777,0,210491,9,-1,4,1
76,1780313064.767,mudanca_target,random_forest,5098,169.9333,30,139.9333,4.664443,0,214085,8,-1,5,1
77,1780313095.047,mudanca_target,random_forest,4719,157.3,30,127.30000000000001,4.243333,0,218176,7,-1,6,1
78,1780313125.289,mudanca_target,random_forest,4206,140.2,30,110.19999999999999,3.673333,0,222646,6,-1,7,1
79,1780313155.589,mudanca_target,random_forest,3734,124.4667,30,94.4667,3.14889,0,228569,5,-1,8,1
80,1780313185.837,mudanca_target,random_forest,3136,104.5333,30,74.5333,2.484443,0,234219,4,-1,9,1
81,1780313216.077,mudanca_target,random_forest,2551,85.0333,30,55.0333,1.834443,0,240500,3,-1,10,1
82,1780313246.307,mudanca_target,random_forest,1944,64.8,30,34.8,1.16,0,247349,2,-1,11,1
83,1780313276.552,mudanca_target,random_forest,1325,44.1667,30,14.166699999999999,0.472223,0,254863,1,-1,12,1
84,1780313306.789,mudanca_target,random_forest,669,22.3,30,7.699999999999999,-0.256667,0,262885,2,1,13,1
85,1780313337.044,mudanca_target,random_forest,1321,44.0333,30,14.033299999999997,0.467777,0,270440,1,-1,14,1
86,1780313367.289,mudanca_target,random_forest,659,21.9667,30,8.0333,-0.267777,0,278504,2,1,15,1
87,1780313397.521,mudanca_target,random_forest,1320,44.0,30,14.0,0.466667,0,286028,1,-1,16,1
88,1780313427.755,mudanca_target,random_forest,665,22.1667,30,7.833300000000001,-0.26111,0,293950,2,1,17,1
89,1780313458.001,mudanca_target,random_forest,1314,43.8,30,13.799999999999997,0.46,0,301506,1,-1,18,1
90,1780313488.219,mudanca_target,random_forest,668,22.2667,30,7.7333,-0.257777,0,309465,2,1,19,1
91,1780313518.449,mudanca_target,random_forest,1319,43.9667,30,13.966700000000003,0.465557,0,316995,1,-1,20,1
92,1780313548.689,mudanca_target,random_forest,667,22.2333,30,7.7667,-0.25889,0,324996,2,1,21,1
93,1780313578.927,mudanca_target,random_forest,1316,43.8667,30,13.866700000000002,0.462223,0,332583,1,-1,22,1
94,1780313609.183,mudanca_target,random_forest,658,21.9333,30,8.0667,-0.26889,0,340554,2,1,23,1
95,1780313639.407,mudanca_target,random_forest,1309,43.6333,30,13.633299999999998,0.454443,0,348092,1,-1,24,1
96,1780313669.647,mudanca_target,random_forest,672,22.4,30,7.600000000000001,-0.253333,0,356106,2,1,25,1
97,1780313699.869,mudanca_target,random_forest,1314,43.8,30,13.799999999999997,0.46,0,363735,1,-1,26,1
98,1780313730.127,mudanca_target,random_forest,662,22.0667,30,7.933299999999999,-0.264443,0,371679,2,1,27,1
99,1780313760.367,mudanca_target,random_forest,1311,43.7,30,13.700000000000003,0.456667,0,379266,1,-1,28,1
100,1780313790.61,mudanca_target,random_forest,662,22.0667,30,7.933299999999999,-0.264443,0,388475,2,1,29,1
101,1780313820.851,mudanca_target,random_forest,1320,44.0,30,14.0,0.466667,0,395948,1,-1,30,1
102,1780313851.097,mudanca_target,random_forest,665,22.1667,30,7.833300000000001,-0.26111,0,404034,2,1,31,1
103,1780313881.34,mudanca_target,random_forest,1312,43.7333,30,13.7333,0.457777,0,411567,1,-1,32,1
104,1780313911.622,mudanca_target,random_forest,670,22.3333,30,7.666699999999999,-0.255557,0,419601,2,1,33,1
105,1780313941.856,mudanca_target,random_forest,1318,43.9333,30,13.933300000000003,0.464443,0,427151,1,-1,34,1
106,1780313972.151,mudanca_target,random_forest,669,22.3,30,7.699999999999999,-0.256667,0,435185,2,1,35,1
107,1780314002.38,mudanca_target,random_forest,1312,43.7333,30,13.7333,0.457777,0,442708,1,-1,36,1
108,1780314032.711,mudanca_target,random_forest,668,22.2667,30,7.7333,-0.257777,0,450669,2,1,37,1
109,1780314062.965,mudanca_target,random_forest,1300,43.3333,30,13.333300000000001,0.444443,0,458222,1,-1,38,1
110,1780314093.227,mudanca_target,random_forest,673,22.4333,30,7.566700000000001,-0.252223,0,466227,2,1,39,1
111,1780314123.483,mudanca_target,random_forest,1310,43.6667,30,13.666699999999999,0.455557,0,473725,1,-1,40,1
112,1780314153.73,mudanca_target,random_forest,670,22.3333,30,7.666699999999999,-0.255557,0,481650,2,1,41,1
113,1780314183.977,mudanca_target,random_forest,1313,43.7667,30,13.7667,0.45889,0,489257,1,-1,42,1
114,1780314214.229,mudanca_target,random_forest,672,22.4,30,7.600000000000001,-0.253333,0,497260,2,1,43,1
115,1780314244.467,mudanca_target,random_forest,1320,44.0,30,14.0,0.466667,0,504861,1,-1,44,1
116,1780314274.7,mudanca_target,random_forest,665,22.1667,30,7.833300000000001,-0.26111,0,512856,2,1,45,1
117,1780314304.964,mudanca_target,random_forest,1307,43.5667,30,13.566699999999997,0.452223,0,520422,1,-1,46,1
118,1780314335.194,mudanca_target,random_forest,669,22.3,30,7.699999999999999,-0.256667,0,528408,2,1,47,1
119,1780314365.432,mudanca_target,random_forest,1316,43.8667,30,13.866700000000002,0.462223,0,536039,1,-1,48,1
120,1780314395.688,mudanca_target,random_forest,671,22.3667,30,7.633299999999998,-0.254443,0,545447,2,1,49,1
121,1780314425.944,mudanca_target,random_forest,1307,43.5667,30,13.566699999999997,0.452223,0,552892,1,-1,50,1
122,1780314456.195,mudanca_target,random_forest,664,22.1333,30,7.866700000000002,-0.262223,0,561069,2,1,51,1
123,1780314486.437,mudanca_target,random_forest,1302,43.4,30,13.399999999999999,0.446667,0,568489,1,-1,52,1
124,1780314516.687,mudanca_target,random_forest,669,22.3,30,7.699999999999999,-0.256667,0,576634,2,1,53,1
125,1780314546.935,mudanca_target,random_forest,1296,43.2,30,13.200000000000003,0.44,0,584124,1,-1,54,1
126,1780314577.163,mudanca_target,random_forest,675,22.5,30,7.5,-0.25,0,592228,2,1,55,1
127,1780314607.41,mudanca_target,random_forest,1304,43.4667,30,13.466700000000003,0.44889,0,599728,1,-1,56,1
128,1780314637.662,mudanca_target,random_forest,670,22.3333,30,7.666699999999999,-0.255557,0,607813,2,1,57,1
129,1780314667.927,mudanca_target,random_forest,1311,43.7,30,13.700000000000003,0.456667,0,615324,1,-1,58,1
130,1780314698.186,mudanca_target,random_forest,671,22.3667,30,7.633299999999998,-0.254443,0,623447,2,1,59,1
131,1780314728.422,mudanca_target,random_forest,1303,43.4333,30,13.433300000000003,0.447777,0,630970,1,-1,60,1
132,1780314758.653,mudanca_target,random_forest,672,22.4,30,7.600000000000001,-0.253333,0,639047,2,1,61,1
133,1780314788.899,mudanca_target,random_forest,1314,43.8,30,13.799999999999997,0.46,0,646587,1,-1,62,1
134,1780314819.132,mudanca_target,random_forest,670,22.3333,30,7.666699999999999,-0.255557,0,654711,2,1,63,1
135,1780314849.38,mudanca_target,random_forest,1317,43.9,30,13.899999999999999,0.463333,0,662205,1,-1,64,1
136,1780314879.634,mudanca_target,random_forest,668,22.2667,30,7.7333,-0.257777,0,670310,2,1,65,1
137,1780314909.883,mudanca_target,random_forest,1310,43.6667,30,13.666699999999999,0.455557,0,677824,1,-1,66,1
138,1780314940.132,mudanca_target,random_forest,672,22.4,30,7.600000000000001,-0.253333,0,685900,2,1,67,1
139,1780314970.371,mudanca_target,random_forest,1313,43.7667,30,13.7667,0.45889,0,693396,1,-1,68,1
140,1780315000.616,mudanca_target,random_forest,670,22.3333,30,7.666699999999999,-0.255557,0,701484,2,1,69,1
141,1780315030.867,mudanca_target,random_forest,1316,43.8667,30,13.866700000000002,0.462223,0,710290,1,-1,70,1
142,1780315061.103,mudanca_target,random_forest,665,22.1667,30,7.833300000000001,-0.26111,0,718481,2,1,71,1
143,1780315091.353,mudanca_target,random_forest,1299,43.3,30,13.299999999999997,0.443333,0,726024,1,-1,72,1
144,1780315121.587,mudanca_target,random_forest,670,22.3333,190,167.6667,-0.882456,0,734217,2,1,1,1
145,1780315151.831,mudanca_target,random_forest,1318,43.9333,190,146.0667,-0.768772,0,741710,3,1,2,1
146,1780315182.063,mudanca_target,random_forest,1952,65.0667,190,124.9333,-0.657544,0,748596,4,1,3,1
147,1780315212.3,mudanca_target,random_forest,2498,83.2667,190,106.7333,-0.561754,0,754759,5,1,4,1
148,1780315242.552,mudanca_target,random_forest,3154,105.1333,190,84.8667,-0.446667,0,760483,6,1,5,1
149,1780315272.806,mudanca_target,random_forest,3668,122.2667,190,67.7333,-0.356491,0,765492,7,1,6,1
150,1780315303.074,mudanca_target,random_forest,4242,141.4,190,48.599999999999994,-0.255789,0,770093,8,1,7,1
151,1780315333.333,mudanca_target,random_forest,4726,157.5333,190,32.4667,-0.170877,0,773439,9,1,8,1
152,1780315363.585,mudanca_target,random_forest,5189,172.9667,190,17.033299999999997,-0.089649,1,777163,9,0,9,0
153,1780315393.709,mudanca_target,random_forest,5180,172.6667,190,17.33330000000001,-0.091228,1,780712,9,0,10,0
154,1780315423.827,mudanca_target,random_forest,5185,172.8333,190,17.16669999999999,-0.090351,1,784337,9,0,11,0
155,1780315453.933,mudanca_target,random_forest,5115,170.5,190,19.5,-0.102632,0,787931,10,1,12,1
156,1780315484.209,mudanca_target,random_forest,5628,187.6,190,2.4000000000000057,-0.012632,1,791221,10,0,13,0
157,1780315514.337,mudanca_target,random_forest,5549,184.9667,190,5.033299999999997,-0.026491,1,794429,10,0,14,0
158,1780315544.445,mudanca_target,random_forest,5620,187.3333,190,2.6666999999999916,-0.014035,1,797572,10,0,15,0
159,1780315574.558,mudanca_target,random_forest,5499,183.3,190,6.699999999999989,-0.035263,1,800766,10,0,16,0
160,1780315604.667,mudanca_target,random_forest,5581,186.0333,190,3.966700000000003,-0.020877,1,803983,10,0,17,0
161,1780315634.792,mudanca_target,random_forest,5636,187.8667,190,2.1332999999999913,-0.011228,1,807127,10,0,18,0
162,1780315664.897,mudanca_target,random_forest,5641,188.0333,190,1.966700000000003,-0.010351,1,810255,10,0,19,0
163,1780315695.029,mudanca_target,random_forest,5537,184.5667,190,5.433300000000003,-0.028596,1,813471,10,0,20,0
164,1780315725.151,mudanca_target,random_forest,5603,186.7667,190,3.233300000000014,-0.017017,1,816716,10,0,21,0
165,1780315755.254,mudanca_target,random_forest,5583,186.1,190,3.9000000000000057,-0.020526,1,819903,10,0,22,0
166,1780315785.385,mudanca_target,random_forest,5577,185.9,190,4.099999999999994,-0.021579,1,823138,10,0,23,0
167,1780315815.482,mudanca_target,random_forest,5573,185.7667,190,4.233300000000014,-0.022281,1,826213,10,0,24,0
168,1780315845.581,mudanca_target,random_forest,5567,185.5667,190,4.433300000000003,-0.023333,1,829456,10,0,25,0
169,1780315875.701,mudanca_target,random_forest,5597,186.5667,190,3.4333000000000027,-0.01807,1,832614,10,0,26,0
170,1780315905.83,mudanca_target,random_forest,5596,186.5333,190,3.466700000000003,-0.018246,1,835859,10,0,27,0
171,1780315935.942,mudanca_target,random_forest,5509,183.6333,190,6.366700000000009,-0.033509,1,839584,10,0,28,0
172,1780315966.055,mudanca_target,random_forest,5641,188.0333,190,1.966700000000003,-0.010351,1,842778,10,0,29,0
173,1780315996.181,mudanca_target,random_forest,5544,184.8,190,5.199999999999989,-0.027368,1,845957,10,0,30,0
174,1780316026.313,mudanca_target,random_forest,5608,186.9333,190,3.0666999999999973,-0.016141,1,849201,10,0,31,0
175,1780316056.422,mudanca_target,random_forest,5503,183.4333,190,6.566699999999997,-0.034562,1,852365,10,0,32,0
176,1780316086.551,mudanca_target,random_forest,5612,187.0667,190,2.9333000000000027,-0.015438,1,855515,10,0,33,0
177,1780316116.657,mudanca_target,random_forest,5575,185.8333,190,4.166699999999992,-0.02193,1,858597,10,0,34,0
178,1780316146.779,mudanca_target,random_forest,5631,187.7,190,2.3000000000000114,-0.012105,1,861781,10,0,35,0
179,1780316176.904,mudanca_target,random_forest,5533,184.4333,190,5.566699999999997,-0.029298,1,864886,10,0,36,0
180,1780316207.024,mudanca_target,random_forest,5582,186.0667,190,3.9333000000000027,-0.020702,1,868074,10,0,37,0
181,1780316237.157,mudanca_target,random_forest,5572,185.7333,190,4.266699999999986,-0.022456,1,871202,10,0,38,0
182,1780316267.261,mudanca_target,random_forest,5634,187.8,190,2.1999999999999886,-0.011579,1,874392,10,0,39,0
183,1780316297.377,mudanca_target,random_forest,5505,183.5,190,6.5,-0.034211,1,877576,10,0,40,0
184,1780316327.492,mudanca_target,random_forest,5617,187.2333,190,2.766699999999986,-0.014562,1,880763,10,0,41,0
185,1780316357.621,mudanca_target,random_forest,5587,186.2333,190,3.766699999999986,-0.019825,1,883912,10,0,42,0
186,1780316387.746,mudanca_target,random_forest,5592,186.4,190,3.5999999999999943,-0.018947,1,887116,10,0,43,0
187,1780316417.867,mudanca_target,random_forest,5546,184.8667,190,5.133299999999991,-0.027017,1,890281,10,0,44,0
188,1780316447.987,mudanca_target,random_forest,5520,184.0,190,6.0,-0.031579,1,893529,10,0,45,0
189,1780316478.083,mudanca_target,random_forest,5520,184.0,190,6.0,-0.031579,1,896837,10,0,46,0
190,1780316508.218,mudanca_target,random_forest,5595,186.5,190,3.5,-0.018421,1,900081,10,0,47,0
191,1780316538.328,mudanca_target,random_forest,5545,184.8333,190,5.166699999999992,-0.027193,1,903360,10,0,48,0
192,1780316568.437,mudanca_target,random_forest,5575,185.8333,190,4.166699999999992,-0.02193,1,906585,10,0,49,0
193,1780316598.557,mudanca_target,random_forest,5531,184.3667,190,5.633299999999991,-0.029649,1,909809,10,0,50,0
194,1780316628.684,mudanca_target,random_forest,5625,187.5,190,2.5,-0.013158,1,913065,10,0,51,0
195,1780316658.783,mudanca_target,random_forest,5542,184.7333,190,5.266699999999986,-0.027719,1,916330,10,0,52,0
196,1780316688.885,mudanca_target,random_forest,5627,187.5667,190,2.4333000000000027,-0.012807,1,919534,10,0,53,0
197,1780316719.008,mudanca_target,random_forest,5501,183.3667,190,6.633299999999991,-0.034912,1,922801,10,0,54,0
198,1780316749.122,mudanca_target,random_forest,5597,186.5667,190,3.4333000000000027,-0.01807,1,926007,10,0,55,0
199,1780316779.251,mudanca_target,random_forest,5538,184.6,190,5.400000000000006,-0.028421,1,929269,10,0,56,0
200,1780316809.356,mudanca_target,random_forest,5641,188.0333,190,1.966700000000003,-0.010351,1,932508,10,0,57,0
201,1780316839.489,mudanca_target,random_forest,5632,187.7333,190,2.266699999999986,-0.01193,1,935629,10,0,58,0
202,1780316869.626,mudanca_target,random_forest,5628,187.6,190,2.4000000000000057,-0.012632,1,938843,10,0,59,0
203,1780316899.729,mudanca_target,random_forest,5509,183.6333,190,6.366700000000009,-0.033509,1,942116,10,0,60,0
204,1780316929.857,mudanca_target,random_forest,5619,187.3,190,2.6999999999999886,-0.014211,1,945394,10,0,61,0
205,1780316959.967,mudanca_target,random_forest,5515,183.8333,190,6.166699999999992,-0.032456,1,948678,10,0,62,0
206,1780316990.087,mudanca_target,random_forest,5644,188.1333,190,1.8667000000000087,-0.009825,1,951942,10,0,63,0
207,1780317020.194,mudanca_target,random_forest,5594,186.4667,190,3.533299999999997,-0.018596,1,954966,10,0,64,0
208,1780317050.322,mudanca_target,random_forest,5623,187.4333,190,2.5666999999999973,-0.013509,1,958186,10,0,65,0
209,1780317080.459,mudanca_target,random_forest,5549,184.9667,190,5.033299999999997,-0.026491,1,961379,10,0,66,0
210,1780317110.59,mudanca_target,random_forest,5637,187.9,190,2.0999999999999943,-0.011053,1,964563,10,0,67,0
211,1780317140.698,mudanca_target,random_forest,5558,185.2667,190,4.733300000000014,-0.024912,1,967748,10,0,68,0
212,1780317170.797,mudanca_target,random_forest,5597,186.5667,190,3.4333000000000027,-0.01807,1,971022,10,0,69,0
213,1780317200.925,mudanca_target,random_forest,5522,184.0667,190,5.933300000000003,-0.031228,1,974218,10,0,70,0
214,1780317231.025,mudanca_target,random_forest,5624,187.4667,190,2.533299999999997,-0.013333,1,977395,10,0,71,0
215,1780317261.122,mudanca_target,random_forest,5622,187.4,75,112.4,1.498667,0,980470,9,-1,1,1
216,1780317291.413,mudanca_target,random_forest,5232,174.4,75,99.4,1.325333,0,984562,8,-1,2,1
217,1780317321.672,mudanca_target,random_forest,4676,155.8667,75,80.86670000000001,1.078223,0,988606,7,-1,3,1
218,1780317351.899,mudanca_target,random_forest,4245,141.5,75,66.5,0.886667,0,993128,6,-1,4,1
219,1780317382.147,mudanca_target,random_forest,3698,123.2667,75,48.2667,0.643556,0,998128,5,-1,5,1
220,1780317412.387,mudanca_target,random_forest,3150,105.0,75,30.0,0.4,0,1003737,4,-1,6,1
221,1780317442.641,mudanca_target,random_forest,2564,85.4667,75,10.466700000000003,0.139556,0,1009878,3,-1,7,1
222,1780317472.898,mudanca_target,random_forest,1952,65.0667,75,9.933300000000003,-0.132444,0,1016631,4,1,8,1
223,1780317503.147,mudanca_target,random_forest,2557,85.2333,75,10.2333,0.136444,0,1022966,3,-1,9,1
224,1780317533.393,mudanca_target,random_forest,1960,65.3333,75,9.666700000000006,-0.128889,0,1029739,4,1,10,1
225,1780317563.638,mudanca_target,random_forest,2548,84.9333,75,9.933300000000003,0.132444,0,1036094,3,-1,11,1
226,1780317593.887,mudanca_target,random_forest,1948,64.9333,75,10.066699999999997,-0.134223,0,1042850,4,1,12,1
227,1780317624.138,mudanca_target,random_forest,2536,84.5333,75,9.533299999999997,0.127111,0,1049182,3,-1,13,1
228,1780317654.367,mudanca_target,random_forest,1942,64.7333,75,10.2667,-0.136889,0,1055964,4,1,14,1
229,1780317684.611,mudanca_target,random_forest,2543,84.7667,75,9.7667,0.130223,0,1062369,3,-1,15,1
230,1780317714.847,mudanca_target,random_forest,1952,65.0667,75,9.933300000000003,-0.132444,0,1069127,4,1,16,1
231,1780317745.072,mudanca_target,random_forest,2539,84.6333,75,9.633300000000006,0.128444,0,1075489,3,-1,17,1
232,1780317775.313,mudanca_target,random_forest,1944,64.8,75,10.200000000000003,-0.136,0,1082201,4,1,18,1
233,1780317805.557,mudanca_target,random_forest,2541,84.7,75,9.700000000000003,0.129333,0,1088550,3,-1,19,1
234,1780317835.786,mudanca_target,random_forest,1943,64.7667,75,10.2333,-0.136444,0,1095279,4,1,20,1
235,1780317866.067,mudanca_target,random_forest,2539,84.6333,75,9.633300000000006,0.128444,0,1101632,3,-1,21,1
236,1780317896.32,mudanca_target,random_forest,1963,65.4333,75,9.566699999999997,-0.127556,0,1108282,4,1,22,1
237,1780317926.545,mudanca_target,random_forest,2544,84.8,75,9.799999999999997,0.130667,0,1115649,3,-1,23,1
238,1780317956.795,mudanca_target,random_forest,1953,65.1,75,9.900000000000006,-0.132,0,1122453,4,1,24,1
239,1780317987.043,mudanca_target,random_forest,2557,85.2333,75,10.2333,0.136444,0,1128749,3,-1,25,1
240,1780318017.289,mudanca_target,random_forest,1945,64.8333,75,10.166700000000006,-0.135556,0,1135491,4,1,26,1
241,1780318047.538,mudanca_target,random_forest,2565,85.5,75,10.5,0.14,0,1141747,3,-1,27,1
242,1780318077.79,mudanca_target,random_forest,1971,65.7,75,9.299999999999997,-0.124,0,1148426,4,1,28,1
243,1780318108.047,mudanca_target,random_forest,2540,84.6667,75,9.666700000000006,0.128889,0,1154608,3,-1,29,1
244,1780318138.281,mudanca_target,random_forest,1971,65.7,75,9.299999999999997,-0.124,0,1161338,4,1,30,1
245,1780318168.537,mudanca_target,random_forest,2547,84.9,75,9.900000000000006,0.132,0,1167624,3,-1,31,1
246,1780318198.78,mudanca_target,random_forest,1954,65.1333,75,9.866699999999994,-0.131556,0,1174326,4,1,32,1
247,1780318229.016,mudanca_target,random_forest,2554,85.1333,75,10.133300000000006,0.135111,0,1180518,3,-1,33,1
248,1780318259.267,mudanca_target,random_forest,1944,64.8,75,10.200000000000003,-0.136,0,1187251,4,1,34,1
249,1780318289.507,mudanca_target,random_forest,2555,85.1667,75,10.166700000000006,0.135556,0,1193554,3,-1,35,1
250,1780318319.747,mudanca_target,random_forest,1949,64.9667,75,10.033299999999997,-0.133777,0,1200302,4,1,36,1
251,1780318349.993,mudanca_target,random_forest,2539,84.6333,75,9.633300000000006,0.128444,0,1206659,3,-1,37,1
252,1780318380.245,mudanca_target,random_forest,1949,64.9667,75,10.033299999999997,-0.133777,0,1213324,4,1,38,1
253,1780318410.483,mudanca_target,random_forest,2546,84.8667,75,9.866699999999994,0.131556,0,1219607,3,-1,39,1
254,1780318440.727,mudanca_target,random_forest,1947,64.9,75,10.099999999999994,-0.134667,0,1226326,4,1,40,1
255,1780318470.956,mudanca_target,random_forest,2525,84.1667,75,9.166700000000006,0.122223,0,1232667,3,-1,41,1
256,1780318501.187,mudanca_target,random_forest,1960,65.3333,75,9.666700000000006,-0.128889,0,1239353,4,1,42,1
257,1780318531.484,mudanca_target,random_forest,2561,85.3667,75,10.366699999999994,0.138223,0,1245645,3,-1,43,1
258,1780318561.722,mudanca_target,random_forest,1950,65.0,75,10.0,-0.133333,0,1253462,4,1,44,1
259,1780318592.007,mudanca_target,random_forest,2558,85.2667,75,10.2667,0.136889,0,1259648,3,-1,45,1
260,1780318622.247,mudanca_target,random_forest,1950,65.0,75,10.0,-0.133333,0,1266435,4,1,46,1
261,1780318652.548,mudanca_target,random_forest,2556,85.2,75,10.200000000000003,0.136,0,1272777,3,-1,47,1
262,1780318682.811,mudanca_target,random_forest,1953,65.1,75,9.900000000000006,-0.132,0,1279592,4,1,48,1
263,1780318713.063,mudanca_target,random_forest,2571,85.7,75,10.700000000000003,0.142667,0,1285936,3,-1,49,1
264,1780318743.305,mudanca_target,random_forest,1942,64.7333,75,10.2667,-0.136889,0,1292740,4,1,50,1
265,1780318773.535,mudanca_target,random_forest,2564,85.4667,75,10.466700000000003,0.139556,0,1299112,3,-1,51,1
266,1780318803.787,mudanca_target,random_forest,1950,65.0,75,10.0,-0.133333,0,1305856,4,1,52,1
267,1780318834.047,mudanca_target,random_forest,2551,85.0333,75,10.033299999999997,0.133777,0,1312124,3,-1,53,1
268,1780318864.309,mudanca_target,random_forest,1943,64.7667,75,10.2333,-0.136444,0,1318866,4,1,54,1
269,1780318894.546,mudanca_target,random_forest,2562,85.4,75,10.400000000000006,0.138667,0,1325158,3,-1,55,1
270,1780318924.798,mudanca_target,random_forest,1950,65.0,75,10.0,-0.133333,0,1331855,4,1,56,1
271,1780318955.027,mudanca_target,random_forest,2567,85.5667,75,10.566699999999997,0.140889,0,1338151,3,-1,57,1
272,1780318985.287,mudanca_target,random_forest,1950,65.0,75,10.0,-0.133333,0,1344829,4,1,58,1
273,1780319015.505,mudanca_target,random_forest,2571,85.7,75,10.700000000000003,0.142667,0,1351178,3,-1,59,1
274,1780319045.747,mudanca_target,random_forest,1941,64.7,75,10.299999999999997,-0.137333,0,1357910,4,1,60,1
275,1780319075.976,mudanca_target,random_forest,2553,85.1,75,10.099999999999994,0.134667,0,1364211,3,-1,61,1
276,1780319106.219,mudanca_target,random_forest,1955,65.1667,75,9.833299999999994,-0.131111,0,1370927,4,1,62,1
277,1780319136.466,mudanca_target,random_forest,2560,85.3333,75,10.333299999999994,0.137777,0,1377307,3,-1,63,1
278,1780319166.726,mudanca_target,random_forest,1928,64.2667,75,10.7333,-0.143111,0,1385053,4,1,64,1
279,1780319196.985,mudanca_target,random_forest,2562,85.4,75,10.400000000000006,0.138667,0,1391400,3,-1,65,1
280,1780319227.235,mudanca_target,random_forest,1950,65.0,75,10.0,-0.133333,0,1398145,4,1,66,1
281,1780319257.472,mudanca_target,random_forest,2563,85.4333,75,10.433300000000003,0.139111,0,1404491,3,-1,67,1
282,1780319287.716,mudanca_target,random_forest,1934,64.4667,75,10.533299999999997,-0.140444,0,1411260,4,1,68,1
283,1780319317.967,mudanca_target,random_forest,2554,85.1333,75,10.133300000000006,0.135111,0,1417640,3,-1,69,1
284,1780319348.215,mudanca_target,random_forest,1947,64.9,75,10.099999999999994,-0.134667,0,1424385,4,1,70,1
285,1780319378.427,mudanca_target,random_forest,2547,84.9,75,9.900000000000006,0.132,0,1430795,3,-1,71,1
286,1780319408.663,mudanca_target,random_forest,1908,63.6,75,11.399999999999999,-0.152,0,1437503,4,1,72,1
287,1780319438.893,mudanca_target,random_forest,2574,85.8,140,54.2,-0.387143,0,1443883,5,1,1,1
288,1780319469.147,mudanca_target,random_forest,3136,104.5333,140,35.4667,-0.253334,0,1449658,6,1,2,1
289,1780319499.396,mudanca_target,random_forest,3698,123.2667,140,16.7333,-0.119524,0,1454917,7,1,3,1
290,1780319529.63,mudanca_target,random_forest,4189,139.6333,140,0.3667000000000087,-0.002619,1,1459591,7,0,4,0
291,1780319559.747,mudanca_target,random_forest,4233,141.1,140,1.0999999999999943,0.007857,1,1464191,7,0,5,0
292,1780319589.847,mudanca_target,random_forest,4201,140.0333,140,0.033299999999997,0.000238,1,1468774,7,0,6,0
293,1780319619.967,mudanca_target,random_forest,4260,142.0,140,2.0,0.014286,1,1473396,7,0,7,0
294,1780319650.075,mudanca_target,random_forest,4202,140.0667,140,0.06669999999999732,0.000476,1,1477946,7,0,8,0
295,1780319680.19,mudanca_target,random_forest,4238,141.2667,140,1.266699999999986,0.009048,1,1482515,7,0,9,0
296,1780319710.308,mudanca_target,random_forest,4216,140.5333,140,0.533299999999997,0.003809,1,1487024,7,0,10,0
297,1780319740.413,mudanca_target,random_forest,4208,140.2667,140,0.26669999999998595,0.001905,1,1491608,7,0,11,0
298,1780319770.521,mudanca_target,random_forest,4221,140.7,140,0.6999999999999886,0.005,1,1496134,7,0,12,0
299,1780319800.627,mudanca_target,random_forest,4255,141.8333,140,1.8333000000000084,0.013095,1,1500731,7,0,13,0
300,1780319830.741,mudanca_target,random_forest,4246,141.5333,140,1.533299999999997,0.010952,1,1505283,7,0,14,0
301,1780319860.851,mudanca_target,random_forest,4264,142.1333,140,2.1332999999999913,0.015238,1,1509856,7,0,15,0
302,1780319890.953,mudanca_target,random_forest,4220,140.6667,140,0.6666999999999916,0.004762,1,1514360,7,0,16,0
303,1780319921.073,mudanca_target,random_forest,4249,141.6333,140,1.6332999999999913,0.011666,1,1518939,7,0,17,0
304,1780319951.19,mudanca_target,random_forest,4205,140.1667,140,0.16669999999999163,0.001191,1,1523470,7,0,18,0
305,1780319981.286,mudanca_target,random_forest,4232,141.0667,140,1.0666999999999973,0.007619,1,1528091,7,0,19,0
306,1780320011.391,mudanca_target,random_forest,4180,139.3333,140,0.6666999999999916,-0.004762,1,1532635,7,0,20,0
307,1780320041.518,mudanca_target,random_forest,4239,141.3,140,1.3000000000000114,0.009286,1,1537216,7,0,21,0
308,1780320071.647,mudanca_target,random_forest,4233,141.1,140,1.0999999999999943,0.007857,1,1541749,7,0,22,0
309,1780320101.774,mudanca_target,random_forest,4277,142.5667,140,2.5666999999999973,0.018334,1,1546279,7,0,23,0
310,1780320131.892,mudanca_target,random_forest,4208,140.2667,140,0.26669999999998595,0.001905,1,1550780,7,0,24,0
311,1780320162.007,mudanca_target,random_forest,4260,142.0,140,2.0,0.014286,1,1556076,7,0,25,0
312,1780320192.115,mudanca_target,random_forest,4221,140.7,140,0.6999999999999886,0.005,1,1560564,7,0,26,0
313,1780320222.245,mudanca_target,random_forest,4241,141.3667,140,1.3667000000000087,0.009762,1,1565149,7,0,27,0
314,1780320252.37,mudanca_target,random_forest,4167,138.9,140,1.0999999999999943,-0.007857,1,1569703,7,0,28,0
315,1780320282.505,mudanca_target,random_forest,4251,141.7,140,1.6999999999999886,0.012143,1,1574270,7,0,29,0
316,1780320312.617,mudanca_target,random_forest,4191,139.7,140,0.30000000000001137,-0.002143,1,1578775,7,0,30,0
317,1780320342.713,mudanca_target,random_forest,4265,142.1667,140,2.1666999999999916,0.015476,1,1583296,7,0,31,0
318,1780320372.817,mudanca_target,random_forest,4234,141.1333,140,1.1332999999999913,0.008095,1,1587832,7,0,32,0
319,1780320402.941,mudanca_target,random_forest,4278,142.6,140,2.5999999999999943,0.018571,1,1592373,7,0,33,0
320,1780320433.046,mudanca_target,random_forest,4241,141.3667,140,1.3667000000000087,0.009762,1,1596868,7,0,34,0
321,1780320463.176,mudanca_target,random_forest,4271,142.3667,140,2.3667000000000087,0.016905,1,1601434,7,0,35,0
322,1780320493.287,mudanca_target,random_forest,4190,139.6667,140,0.33330000000000837,-0.002381,1,1605940,7,0,36,0
323,1780320523.408,mudanca_target,random_forest,4262,142.0667,140,2.0666999999999973,0.014762,1,1610474,7,0,37,0
324,1780320553.525,mudanca_target,random_forest,4227,140.9,140,0.9000000000000057,0.006429,1,1614940,7,0,38,0
325,1780320583.657,mudanca_target,random_forest,4244,141.4667,140,1.466700000000003,0.010476,1,1619445,7,0,39,0
326,1780320613.78,mudanca_target,random_forest,4178,139.2667,140,0.733300000000014,-0.005238,1,1623859,7,0,40,0
327,1780320643.912,mudanca_target,random_forest,4231,141.0333,140,1.033299999999997,0.007381,1,1628436,7,0,41,0
328,1780320674.047,mudanca_target,random_forest,4229,140.9667,140,0.966700000000003,0.006905,1,1632928,7,0,42,0
329,1780320704.177,mudanca_target,random_forest,4253,141.7667,140,1.766699999999986,0.012619,1,1637500,7,0,43,0
330,1780320734.309,mudanca_target,random_forest,4234,141.1333,140,1.1332999999999913,0.008095,1,1642033,7,0,44,0
331,1780320764.41,mudanca_target,random_forest,4248,141.6,140,1.5999999999999943,0.011429,1,1646539,7,0,45,0
332,1780320794.516,mudanca_target,random_forest,4239,141.3,140,1.3000000000000114,0.009286,1,1651011,7,0,46,0
333,1780320824.622,mudanca_target,random_forest,4232,141.0667,140,1.0666999999999973,0.007619,1,1655576,7,0,47,0
334,1780320854.724,mudanca_target,random_forest,4227,140.9,140,0.9000000000000057,0.006429,1,1660048,7,0,48,0
335,1780320884.837,mudanca_target,random_forest,4246,141.5333,140,1.533299999999997,0.010952,1,1664634,7,0,49,0
336,1780320914.943,mudanca_target,random_forest,4218,140.6,140,0.5999999999999943,0.004286,1,1669117,7,0,50,0
337,1780320945.058,mudanca_target,random_forest,4247,141.5667,140,1.5666999999999973,0.011191,1,1673670,7,0,51,0
338,1780320975.181,mudanca_target,random_forest,4219,140.6333,140,0.6332999999999913,0.004524,1,1678123,7,0,52,0
339,1780321005.297,mudanca_target,random_forest,4235,141.1667,140,1.1666999999999916,0.008334,1,1682737,7,0,53,0
340,1780321035.406,mudanca_target,random_forest,4193,139.7667,140,0.23330000000001405,-0.001666,1,1687341,7,0,54,0
341,1780321065.518,mudanca_target,random_forest,4236,141.2,140,1.1999999999999886,0.008571,1,1691927,7,0,55,0
342,1780321095.635,mudanca_target,random_forest,4177,139.2333,140,0.766699999999986,-0.005476,1,1696543,7,0,56,0
343,1780321125.756,mudanca_target,random_forest,4239,141.3,140,1.3000000000000114,0.009286,1,1701157,7,0,57,0
344,1780321155.877,mudanca_target,random_forest,4220,140.6667,140,0.6666999999999916,0.004762,1,1705724,7,0,58,0
345,1780321185.996,mudanca_target,random_forest,4227,140.9,140,0.9000000000000057,0.006429,1,1710315,7,0,59,0
346,1780321216.122,mudanca_target,random_forest,4168,138.9333,140,1.0666999999999973,-0.007619,1,1714840,7,0,60,0
347,1780321246.254,mudanca_target,random_forest,4245,141.5,140,1.5,0.010714,1,1719440,7,0,61,0
348,1780321276.366,mudanca_target,random_forest,4247,141.5667,140,1.5666999999999973,0.011191,1,1723931,7,0,62,0
349,1780321306.469,mudanca_target,random_forest,4237,141.2333,140,1.233300000000014,0.008809,1,1728522,7,0,63,0
350,1780321336.584,mudanca_target,random_forest,4233,141.1,140,1.0999999999999943,0.007857,1,1732964,7,0,64,0
351,1780321366.712,mudanca_target,random_forest,4213,140.4333,140,0.4333000000000027,0.003095,1,1737561,7,0,65,0
352,1780321396.827,mudanca_target,random_forest,4249,141.6333,140,1.6332999999999913,0.011666,1,1742035,7,0,66,0
353,1780321426.929,mudanca_target,random_forest,4237,141.2333,140,1.233300000000014,0.008809,1,1746620,7,0,67,0
354,1780321457.027,mudanca_target,random_forest,4206,140.2,140,0.19999999999998863,0.001429,1,1751045,7,0,68,0
355,1780321487.157,mudanca_target,random_forest,4254,141.8,140,1.8000000000000114,0.012857,1,1755591,7,0,69,0
356,1780321517.265,mudanca_target,random_forest,4185,139.5,140,0.5,-0.003571,1,1760090,7,0,70,0
357,1780321547.391,mudanca_target,random_forest,4252,141.7333,140,1.733300000000014,0.012381,1,1765350,7,0,71,0
